NAME,LINE,lang,long,bound1,reason1,bound2,reason2
Classon Av,['G'],40.68888900026455,-73.95999000137212,0.0,0.0,0.0,0.0
Broadway,['G'],40.706126576274166,-73.95031225606621,0.0,0.0,0.0,0.0
Bedford-Nostrand Avs,['G'],40.68962700158444,-73.95352200064022,0.0,0.0,0.0,0.0
15 St-Prospect Park,"['F', 'G']",40.66003568810021,-73.97973580592873,0.0,0.0,0.0,0.0
7 Av,"['F', 'G']",40.66624469001985,-73.98025117900944,0.0,0.0,0.0,0.0
Ft Hamilton Pkwy,"['F', 'G']",40.65078166803418,-73.97577599917474,0.0,0.0,0.0,0.0
Church Av,"['F', 'G']",40.64427200012998,-73.97972116229084,0.0,0.0,0.0,0.0
Fulton St,['G'],40.68711899950771,-73.97537499833149,0.0,0.0,0.0,0.0
Clinton-Washington Avs,['G'],40.68809400106055,-73.9667959986695,0.0,0.0,0.0,0.0
Nassau Av,['G'],40.724479997808274,-73.95118300016523,0.0,0.0,0.0,0.0
Greenpoint Av,['G'],40.73126699971465,-73.95442500146235,0.0,0.0,0.0,0.0
Metropolitan Av,['G'],40.71277400073426,-73.9514239994525,0.0,0.0,0.0,0.0
Long Island City-Court Sq,['G'],40.74630503357145,-73.94381559597835,0.0,0.0,0.0,0.0
21 St,['G'],40.7441286664954,-73.9495999997552,0.0,0.0,0.0,0.0
Myrtle-Willoughby Avs,['G'],40.69461899903765,-73.94906699890156,0.0,0.0,0.0,0.0
Flushing Av,['G'],40.70037666622154,-73.9502340010257,0.0,0.0,0.0,0.0
Hoyt-Schermerhorn Sts,"['A', 'C', 'G']",40.68840847580642,-73.98503624034139,0.0,0.0,0.0,0.0
4 Av-9 St,"['F', 'G']",40.67027166728493,-73.98977899938897,0.0,0.0,0.0,0.0
Smith-9 Sts,"['F', 'G']",40.67364106090412,-73.99589172790934,0.0,0.0,0.0,0.0
Bergen St,"['F', 'G']",40.68611054725977,-73.99075649573565,0.0,0.0,0.0,0.0
Carroll St,"['F', 'G']",40.68027335170176,-73.99494697998841,0.0,0.0,0.0,0.0
